{
    "demo" : {
        "zebra_pattern": { ".loadImage" : "../images/zebra-pattern.png"},
        "cosmo1":    { ".loadImage" : "../images/space2.jpg"},
        "cosmo2":    { ".loadImage" : "../images/space1.jpg"},
        "cosmo3":    { ".loadImage" : "../images/space3.jpg"},
        "ind1":      {".loadImage" : "../images/ind1.gif"},
        "ind2":      {".loadImage" : "../images/ind2.gif"},
        "butterfly": {".loadImage" : "../images/sbutterfly.gif"},
         "bmw":       {".loadImage" : "../images/bmw.png"},
        "saab":      {".loadImage" : "../images/saab.png"},
        "alpha":     {".loadImage" : "../images/alpha.png"},
        "gripen":     {".loadImage" : "../images/gripens.jpg"},
        "saab93":     {".loadImage" : "../images/saab93s.jpg"},

        "attachment": {".loadImage" : "../images/attachment.png"},
        "mail":       {".loadImage" : "../images/mail.png"},
        "home":       {".loadImage" : "../images/home.png"},

        "page":     {".loadImage" : "../images/page.png"},
        "ringtone": {".loadImage" : "../images/ringtone_32.png"},

        "on":       {".loadImage" : "../images/on.png"},
        "off":      {".loadImage" : "../images/off.png"},

        "google":   {".loadImage" : "../images/google.png"},
        "gmail":    {".loadImage" : "../images/gmail.png"},
        "yelp":     {".loadImage" : "../images/yelp.png"},
        "android":  {".loadImage" : "../images/android.png"},

        "sgoogle":   {".loadImage" : "../images/google_16.png"},
        "sgmail":    {".loadImage" : "../images/gmail_16.png"},
        "syelp":     {".loadImage" : "../images/yelp_16.png"},
        "sandroid":  {".loadImage" : "../images/android_16.png"},

        "cellbg1":"@palette.white",
        "cellbg2":"@palette.gray7"
    }
}
