 {
    "kids": [ 
        { 

        "$zebra.ui.Panel":[],
        "layout" : { "$zebra.layout.BorderLayout" :[4,4] },
        "padding": 4,
        "border": "plain",
        "kids": {
            "TOP": {
               "$zebra.ui.BoldLabel": "Simple application",
               "padding":4,
               "background": "lightGray"
            },
          
            "CENTER": {
               "$zebra.ui.TextField": ""
            },
          
            "BOTTOM": {
               "$zebra.ui.Button": "Clear"
            }
        }
    }]
}