{
    "version" : "10.2014",

    "classAliases": {
        "Picture"       : "zebra.ui.Picture",
        "Border"        : "zebra.ui.Border",
        "Dotted"        : "zebra.ui.Dotted",
        "ViewSet"       : "zebra.ui.ViewSet",
        "View"          : "zebra.ui.View",
        "Gradient"      : "zebra.ui.Gradient",
        "CompositeView" : "zebra.ui.CompositeView",
        "rgb"           : "zebra.util.rgb",
        "Font"          : "zebra.ui.Font",
        "FlowLayout"    : "zebra.layout.FlowLayout",
        "BorderLayout"  : "zebra.layout.BorderLayout",
        "ListLayout"    : "zebra.layout.ListLayout"
    },

    "doubleClickDelta":180,

    "KeyEvent": {
        "A":65, "B":66, "C":67, "D":68, "E":69, "F":70, "G":71, "H":72, "I":73, "J":74, "K":75, 
        "L":76, "M":77, "N":78, "O":79, "P":80, "Q":81, "R":82, "S":83, "T":84, "U":85, "V":86, 
        "W":87, "X":88, "Y":89, "Z":90, "0":48, "1":49, "2":50, "3":51, "4":52, "5":53, "6":54,
        "7":55, "8":56, "9":57, "F1":112, "F2":113, "F3":114, "F4":115, "F5":116, "F6":117, 
        "F7":118, "F8":119, "F9":120, "F10":121, "F11" : 122, "F12" : 123, ",":188, ";" : 186, "'" : 222, 
        "[":219, "]":221, "\\":220,  "/":191,  "ENTER":13, "ESCAPE" : 27, "SPACE" : 32, "DELETE" : 46,
        "BSPACE":8, "TAB":9, "INSERT":45, "DELETE":46, "LEFT":37, "RIGHT":39, "UP":38, "DOWN":40,
        "HOME":36,"END":35,"PAGEUP":33,"PAGEDOWN":34, "CMD":{ ".expr":"zebra.isFF?224:91" }, "SHIFT": 16, 
        "CTRL" : 17, "ALT":18, "CHAR_UNDEFINED":0
    },

    "events"        : { "$zebra.ui.EventManager":[]  },
    "paintManager"  : { "$zebra.ui.PaintManImpl":[]  },
    "focusManager"  : { "$zebra.ui.FocusManager":[]  },

    "?zebra.isTouchable == false": {
        "clipboardTriggerKey": "@KeyEvent.CTRL",
        "?zebra.isMacOS": {
            "clipboardTriggerKey": "@KeyEvent.CMD"
        },
        
        "cursorManager"  : { "$zebra.ui.CursorManager"  :[] },
        "commandManager" : { "$zebra.ui.CommandManager" :[] }    
    },
    
    "font"          : { "$Font" : ["Arial", 14] },
    "boldFont"      : { "$Font" : ["Arial", "bold", 12] },
    "smallFont"     : { "$Font" : ["Arial", 10] },

    "palette": {
        "white" : "#FFFFFF",
        "black" : "#000000",
        "background": { "$Gradient": [ "white", "#F0F0F0", 32 ] },
        "borderColor": "#AAAAAA"
    },

    "?zebra.isTouchable": {
        "palette": {
            "background": "#F9F7F7"
        }
    },

    "fontColor"     : "#808080",

    "borders" : {
        "raised" : { "$zebra.ui.Raised":[] },
        "sunken" : { "$zebra.ui.Sunken":[] },
        "etched" : { "$zebra.ui.Etched":[] },
        "plain"  : { "$Border" : [ "#C5C5C5", 1, 3 ]  },
        "dot"    : { "$Dotted" : []  }
    },

    "BaseLayer": {
        "layout"     : { "$zebra.layout.RasterLayout":[] },
        "background" : null
    },

    "RootLayer": {
        "$inherit": [ "BaseLayer" ]
    },

    "zCanvas": {
        "addons": [],
        "//"    :  "IT IS IMPORTANT TO HAVE CANVAS CSS PADDING = 0 TO FIX IE9 PROBLEM",
        "background": "white",
        "layout": { "$zebra.layout.StackLayout":[] },
        "kids"  : { "$ *zebra.ui.RootLayer": "root" },
        "styles": {
            "background-color": "@palette.background",
            "outline"                    : "none",
            "padding"                    : "0px",
            "-webkit-user-select"        : "none",
            "-ms-user-select"            : "none",
            "-moz-user-select"           : "-moz-none",
            "user-select"                : "none",
            "-khtml-user-select"         : "none",
            "-webkit-tap-highlight-color": "rgba(0,0,0,0)", 
            "touch-action"               : "none", 
            "content-zooming"            : "none", 
            "touch-callout"              : "none", 
            "user-drag"                  : "none", 
            "tap-highlight-color"        : "rgba(0,0,0,0)" 
        }
    }
}